<!--
  ~ Copyright (c) 2021.  -  present.  Kun Wang. All Rights Reserved.
  -->

<mujoco model="TT (v1.31)">
    <compiler angle="degree" coordinate="global" inertiafromgeom="true" autolimits="true">
             <lengthrange timestep="0.001"/>
    </compiler>

    <option timestep="0.001"
            gravity="0 0 -9.81"
            cone="elliptic"
            solver="Newton"
            integrator="Euler"
            iterations="100">
        <flag sensornoise="disable"
            frictionloss="disable"/>
    </option>

    <visual>
        <global offwidth="1024" offheight="768"/>
    </visual>

    <default>
        <geom conaffinity="1" condim="6" contype="1" rgba="0.75 0.75 0.75 1" size="0.014"
              density="1000" friction="1.000 0.00 0.000" solref="-1000 -100"/>
        <site type="sphere" size="0.005"/>
        <tendon width="0.1" rgba="1 0 0 0.5" damping="1000" stiffness="10000"/>
        <general ctrlrange="-1 1" dyntype="filter" gainprm="50000 0 0" biastype="none" dynprm="1 0 0" biasprm="0 0 0"/>
    </default>

    <asset>
        <texture builtin="gradient" height="100" rgb1="1 1 1" rgb2="0 0 0" type="skybox"
                 width="100"/>
        <texture builtin="flat" height="1278" mark="cross" markrgb="1 1 1" name="texgeom"
                 random="0.01" rgb1="0.8 0.6 0.4" rgb2="0.8 0.6 0.4" type="cube" width="127"/>
        <texture builtin="checker" height="100" name="texplane" rgb1="0 0 0" rgb2="0.8 0.8 0.8"
                 type="2d" width="100"/>
        <material name="MatPlane" reflectance="0." shininess="0.5" specular="0.5" texrepeat="30 30"
                  texture="texplane"/>
        <material name="geom" texture="texgeom" texuniform="true"/>
    </asset>

    <worldbody>

        <light cutoff="100" diffuse="1 1 1" dir="-0 0 -1.3" directional="true" exponent="1"
               pos="0 0 1.3" specular=".1 .1 .1"/>
        <geom conaffinity="1" material="MatPlane" name="floor" pos="0 0 0"
              rgba="0.8 0.9 0.8 1" size="400 400 10" type="plane"/>
         <!-- top 90 camera-->
<!--        <camera name="camera" pos="0 0 100" axisangle="0 0 1 90"/>-->
 <!-- top camera-->
<!--        <camera name="camera" pos="0 0 100" axisangle="1 0 0 00"/>-->
<!--         side camera-->
        <camera name="camera" pos="0 -50 12" axisangle="1 0 0 80"/>

        <!-- ======= RODS ======= -->
        <body name="r01">
            <geom name="r01"
                  fromto="-8.75     -5.94      11.96  8.38      5.16      7"
                  size="0.5"
                  type="cylinder"
                  mass="2.4"/>
            <freejoint name="move0_1"/>
            <geom name="s0"
                  pos="-8.75     -5.94      11.96"
                  size="1"
                  type="sphere"
                  mass="1.0"
                  rgba="0 1 0 1"
            />
            <geom name="s1"
                  pos="8.38      5.16      7"
                  size="1"
                  type="sphere"
                  rgba="0 1 0 1"
                  mass="1.0"/>
<!--            <geom name="m0"-->
<!--                  pos="-6.31     -4.35      5.25"-->
<!--                  size="0.6"-->
<!--                  type="sphere"-->
<!--                  rgba="0 1 0 1"-->
<!--                  mass="17"/>-->
<!--            <geom name="m1"-->
<!--                  pos="5.93      3.57      1.71"-->
<!--                  size="0.6"-->
<!--                  type="sphere"-->
<!--                  rgba="0 1 0 1"-->
<!--                  mass="17"/>-->

            <site name="s0" pos="-8.75     -5.94      11.96" rgba="0 1 0 1" size=".05"/>
            <site name="s1" pos="8.38      5.16      7" rgba="0 1 0 1" size=".05"/>
        </body>

        <body name="r23">
            <geom name="r23"
                  fromto="-8.26      2.81      17   8.51     -4.94      6.999"
                  size="0.5"
                  type="cylinder"
                  mass="2.4"/>
            <freejoint name="move2_3"/>
            <geom name="s2"
                  pos="-8.26      2.81      17"
                  size="1"
                  type="sphere"
                  rgba="1 0 0 1"
                  mass="1"/>
            <geom name="s3"
                  pos="8.51     -4.94      6.999"
                  size="1"
                  type="sphere"
                  rgba="1 0 0 1"
                  mass="1"/>
<!--            <geom name="m2"-->
<!--                  pos="-5.87      1.7       9.55"-->
<!--                  size="0.6"-->
<!--                  type="sphere"-->
<!--                  rgba="1 0 0 1"-->
<!--                  mass="17"/>-->
<!--            <geom name="m3"-->
<!--                  pos="6.11     -3.83      2.42"-->
<!--                  size="0.6"-->
<!--                  type="sphere"-->
<!--                  rgba="1 0 0 1"-->
<!--                  mass="17"/>-->
            <site name="s2" pos="-8.26      2.81      17" rgba="1 0 0 1" size=".05"/>
            <site name="s3" pos="8.51     -4.94      6.999" rgba="1 0 0 1" size=".05"/>
        </body>

        <body name="r45">
            <geom name="r45"
                  fromto="-9.47      2.81      6.999 9.48      0.112     15.65"
                  size="0.5"
                  type="cylinder"
                  mass="2.4"/>
            <freejoint name="move4_5"/>
            <geom name="s4"
                  pos="-9.47      2.81      6.999"
                  size="1"
                  type="sphere"
                  rgba="0 0 1 1"
                  mass="1.0"/>
            <geom name="s5"
                  pos="9.48      0.112     15.65"
                  size="1"
                  type="sphere"
                  rgba="0 0 1 1"
                  mass="1"/>
<!--            <geom name="m4"-->
<!--                  pos="-6.76      2.43      2.23"-->
<!--                  size="0.6"-->
<!--                  type="sphere"-->
<!--                  rgba="0 0 1 1"-->
<!--                  mass="17"/>-->
<!--            <geom name="m5"-->
<!--                  pos="6.77      0.498     8.41"-->
<!--                  size="0.6"-->
<!--                  type="sphere"-->
<!--                  rgba="0 0 1 1"-->
<!--                  mass="17"/>-->
            <site name="s4" pos="-9.47      2.81      6.999" rgba="0 0 1 1" size=".05"/>
            <site name="s5" pos="9.48      0.112     15.65" rgba="0 0 1 1" size=".05"/>
        </body>
<!--    <site name='target' pos="20 0 0" size="1" rgba="0 1 0 1 "/>-->
    </worldbody>

    <tendon>
        <spatial name="td_0" springlength="7.5" damping="130" stiffness="490">
            <site site="s0"/>
            <site site="s4"/>
        </spatial>
        <spatial name="td_1" springlength="7.5" damping="110" stiffness="540">
            <site site="s0"/>
            <site site="s2"/>
        </spatial>
        <spatial name="td_2" springlength="7.5" damping="102" stiffness="600">
            <site site="s2"/>
            <site site="s4"/>
        </spatial>
        <spatial name="td_3" springlength="7.5" damping="89" stiffness="486">
            <site site="s1"/>
            <site site="s5"/>
        </spatial>
        <spatial name="td_4" springlength="7.5" damping="95" stiffness="550">
            <site site="s1"/>
            <site site="s3"/>
        </spatial>
        <spatial name="td_5" springlength="7.5" damping="110" stiffness="500">
            <site site="s3"/>
            <site site="s5"/>
        </spatial>
        <spatial name="td_6" springlength="10" damping="120" stiffness="1100">
            <site site="s4"/>
            <site site="s1"/>
        </spatial>
        <spatial name="td_7" springlength="10" damping="105" stiffness="800">
            <site site="s0"/>
            <site site="s3"/>
        </spatial>
        <spatial name="td_8" springlength="10" damping="100" stiffness="1000">
            <site site="s2"/>
            <site site="s5"/>
        </spatial>
    </tendon>

    <sensor>
        <framepos name="pos_s0" objname="s0" objtype="site"/>
        <framelinvel name="linvel_s0" objname="s0" objtype="site"/>
        <framelinacc name="linacc_s0" objname="s0" objtype="site"/>
        <framepos name="pos_s1" objname="s1" objtype="site"/>
        <framelinvel name="linvel_s1" objname="s1" objtype="site"/>
        <framelinacc name="linacc_s1" objname="s1" objtype="site"/>

        <framepos name="pos_s2" objname="s2" objtype="site"/>
        <framelinvel name="linvel_s2" objname="s2" objtype="site"/>
        <framelinacc name="linacc_s2" objname="s2" objtype="site"/>
        <framepos name="pos_s3" objname="s3" objtype="site"/>
        <framelinvel name="linvel_s3" objname="s3" objtype="site"/>
        <framelinacc name="linacc_s3" objname="s3" objtype="site"/>

        <framepos name="pos_s4" objname="s4" objtype="site"/>
        <framelinvel name="linvel_s4" objname="s4" objtype="site"/>
        <framelinacc name="linacc_s4" objname="s4" objtype="site"/>
        <framepos name="pos_s5" objname="s5" objtype="site"/>
        <framelinvel name="linvel_s5" objname="s5" objtype="site"/>
        <framelinacc name="linacc_s5" objname="s5" objtype="site"/>


        <framelinacc name="linacc_r01" objname="r01" objtype="geom"/>
        <frameangacc name="angacc_r01" objname="r01" objtype="geom"/>
        <framepos name="pos_r01" objname="r01" objtype="geom"/>
        <framelinvel name="linvel_r01" objname="r01" objtype="geom"/>
        <frameangvel name="angvel_r01" objname="r01" objtype="geom"/>
        <framequat name="quat_r01" objname="r01" objtype="geom"/>

        <framelinacc name="linacc_r23" objname="r23" objtype="geom"/>
        <frameangacc name="angacc_r23" objname="r23" objtype="geom"/>
        <framepos name="pos_r23" objname="r23" objtype="geom"/>
        <framelinvel name="linvel_r23" objname="r23" objtype="geom"/>
        <frameangvel name="angvel_r23" objname="r23" objtype="geom"/>
        <framequat name="quat_r23" objname="r23" objtype="geom"/>

        <framelinacc name="linacc_r45" objname="r45" objtype="geom"/>
        <frameangacc name="angacc_r45" objname="r45" objtype="geom"/>
        <framepos name="pos_r45" objname="r45" objtype="geom"/>
        <framelinvel name="linvel_r45" objname="r45" objtype="geom"/>
        <frameangvel name="angvel_r45" objname="r45" objtype="geom"/>
        <framequat name="quat_r45" objname="r45" objtype="geom"/>
    </sensor>

    <actuator>
        <general name='act_0' tendon="td_0"/>
        <general name='act_1' tendon="td_1"/>
        <general name='act_2' tendon="td_2"/>
        <general name='act_3' tendon="td_3"/>
        <general name='act_4' tendon="td_4"/>
        <general name='act_5' tendon="td_5"/>
        <general name='act_6' tendon="td_6"/>
        <general name='act_7' tendon="td_7"/>
        <general name='act_8' tendon="td_8"/>
    </actuator>
<!--    <actuator>-->
<!--        <general name="f0" gear="0 0 10 0 0 0" joint="move0_1"/>-->
<!--        <general name="f1" gear="0 0 10 0 0 0" joint="move2_3"/>-->
<!--        <general name="f2" gear="0 0 10 0 0 0" joint="move4_5"/>-->
<!--    </actuator>-->
</mujoco>
