<!--
  ~ Copyright (c) 2021.  -  present.  Kun Wang. All Rights Reserved.
  -->

<mujoco model="TT (v1.31)">
    <compiler angle="degree" coordinate="global" inertiafromgeom="true" autolimits="true">
        <lengthrange timestep="0.005"/>
    </compiler>

    <option timestep="0.005"
            gravity="0 0 -9.81"
            cone="elliptic"
            solver="Newton"
            integrator="Euler"
            iterations="100">
        <flag sensornoise="disable"
              frictionloss="disable"/>
    </option>

    <visual>
        <global offwidth="1024" offheight="768"/>
    </visual>

    <default>
        <geom conaffinity="1" condim="6" contype="1" rgba="0.75 0.75 0.75 1" size="0.014"
              density="1000" friction="1.000 1.00 1.000" solref="-1000 -5"/>
        <site type="sphere" size="0.005"/>
        <tendon width="0.1" rgba="1 0 0 0.5" damping="1000" stiffness="10000"/>
        <general ctrlrange="-1 1" dyntype="filter" gainprm="50000 0 0" biastype="none" dynprm="1 0 0" biasprm="0 0 0"/>
    </default>

    <asset>
        <texture builtin="gradient" height="100" rgb1="1 1 1" rgb2="0 0 0" type="skybox"
                 width="100"/>
        <texture builtin="flat" height="1278" mark="cross" markrgb="1 1 1" name="texgeom"
                 random="0.01" rgb1="0.8 0.6 0.4" rgb2="0.8 0.6 0.4" type="cube" width="127"/>
        <texture builtin="checker" height="100" name="texplane" rgb1="0 0 0" rgb2="0.8 0.8 0.8"
                 type="2d" width="100"/>
        <material name="MatPlane" reflectance="0." shininess="0.5" specular="0.5" texrepeat="30 30"
                  texture="texplane"/>
        <material name="geom" texture="texgeom" texuniform="true"/>
    </asset>

    <worldbody>
        <light cutoff="100" diffuse="1 1 1" dir="-0 0 -1.3" directional="true" exponent="1"
               pos="0 0 1.3" specular=".1 .1 .1"/>
        <geom conaffinity="1" material="MatPlane" name="floor" pos="0 0 0"
              rgba="0.8 0.9 0.8 1" size="400 400 10" type="plane"/>
        <camera name="camera" pos="0.879 -93.204 8.051" xyaxes="1.000 0.009 0.000 -0.001 0.086 0.996"/>


        <body>
            <freejoint/>
            <geom name="ball"
                  type="sphere"
                  mass="2.0"
                  pos="0     0     5"
                  size="1.0"
                  rgba="0 0 1 1"/>
        </body>
    </worldbody>

    <sensor>
        <framelinacc name="linacc_ball" objname="ball" objtype="geom"/>
        <frameangacc name="angacc_ball" objname="ball" objtype="geom"/>
        <framepos name="pos_ball" objname="ball" objtype="geom"/>
        <framelinvel name="linvel_ball" objname="ball" objtype="geom"/>
        <frameangvel name="angvel_ball" objname="ball" objtype="geom"/>
        <framequat name="quat_ball" objname="ball" objtype="geom"/>
    </sensor>

</mujoco>
