<!--
  ~ Copyright (c) 2020.  -  present.  Kun Wang. All Rights Reserved.
  -->

<mujoco model="TT (v1.31)">
    <compiler angle="degree" coordinate="global" inertiafromgeom="true">
             <lengthrange timestep="0.001"/>
    </compiler>

    <option timestep="0.001"
            gravity="0 0 -9.81"
            solver="Newton"
            integrator="Euler"
            iterations="100">
        <flag sensornoise="disable"
            frictionloss="disable"/>
    </option>

    <visual>
        <global offwidth="1280" offheight="720"/>
    </visual>

    <default>
        <geom conaffinity="1" condim="3" contype="1" material="geom" rgba="1 .84 0 1" size="0.014"
              density="1000" friction="1.000 0.00 0.000" solref="-10000 -10"/>
        <site type="sphere" size="0.005"/>
        <tendon width="0.1" rgba="1 0 0 1" damping="10" stiffness="100"/>
        <position ctrllimited="true" ctrlrange="-100 100"/>
    </default>

    <asset>
        <texture builtin="gradient" height="100" rgb1="1 1 1" rgb2="0 0 0" type="skybox"
                 width="100"/>
        <texture builtin="flat" height="1278" mark="cross" markrgb="1 1 1" name="texgeom"
                 random="0.01" rgb1="0.8 0.6 0.4" rgb2="0.8 0.6 0.4" type="cube" width="127"/>
        <texture builtin="checker" height="100" name="texplane" rgb1="0 0 0" rgb2="0.8 0.8 0.8"
                 type="2d" width="100"/>
        <material name="MatPlane" reflectance="0.5" shininess="1" specular="1" texrepeat="30 30"
                  texture="texplane"/>
        <material name="geom" texture="texgeom" texuniform="true"/>
    </asset>

    <worldbody>

        <light cutoff="100" diffuse="1 1 1" dir="-0 0 -1.3" directional="true" exponent="1"
               pos="0 0 1.3" specular=".1 .1 .1"/>
        <geom conaffinity="1" condim="3" material="MatPlane" name="floor" pos="0 0 0"
              rgba="0.8 0.9 0.8 1" size="400 400 10" type="plane" friction="1.0 0 0"/>

        <camera name="camera"  pos="3.466 -24.501 14.058" xyaxes="0.999 -0.041 0.000 0.014 0.335 0.942"/>


        <!-- ======= RODS ======= -->
        <body name="nail0" pos="0 3 13">
            <site name="nail0" pos="0 3 13"/>
        </body>
        <body name="nail1" pos="9 -1.1 13">
            <site name="nail1" pos="9 -1.1 13"/>
        </body>

        <body name="r01">
            <geom name="rod01"
                  fromto="0 3 11.5 9 -1.1 11.0"
                  size="0.5"
                  type="cylinder"
                  solref="-1000000 0"
                  mass="5.0"/>
            <freejoint name="move0_1"/>
            <geom name="sphere0"
                  pos="0 3 11.5"
                  size="1"
                  type="sphere"
                  mass="1.5"
                  rgba="0 1 0 1"
                  solref="-1000000 0"
            />
            <geom name="sphere1"
                  pos="9.0 -1.1 11.0"
                  size="1"
                  type="sphere"
                  mass="1.5"
                  rgba="0 1 0 1"
                  solref="-1000000 0"
            />

            <site name="s0" pos="0 3 11.5" rgba="0 0 0 1" size=".05"/>
            <site name="s1" pos="9.0 -1.1 11.0" rgba="0 0 0 1" size=".05"/>
        </body>
    </worldbody>
    <sensor>
        <framepos name="pos_s0" objname="s0" objtype="site"/>
        <framelinvel name="linvel_s0" objname="s0" objtype="site"/>
        <framelinacc name="linacc_s0" objname="s0" objtype="site"/>
        <framepos name="pos_s1" objname="s1" objtype="site"/>
        <framelinvel name="linvel_s1" objname="s1" objtype="site"/>
        <framelinacc name="linacc_s1" objname="s1" objtype="site"/>
    </sensor>

    <tendon>
        <spatial name="t0" springlength="10.9" damping="15" stiffness="250">
            <site site="nail0"/>
            <site site="s0"/>
        </spatial>
        <spatial name="t1" springlength="10.1" damping="25" stiffness="320">
            <site site="nail1"/>
            <site site="s1"/>
        </spatial>
    </tendon>
    <actuator>
        <general name="f0" gear="0 0 1 0 0 0" joint="move0_1"/>
    </actuator>
</mujoco>
