<!--
  ~ Copyright (c) 2020.  -  present.  Kun Wang. All Rights Reserved.
  -->

<mujoco model="TT (v1.31)">
    <compiler angle="degree" coordinate="global" inertiafromgeom="true">
             <lengthrange timestep="0.001"/>
    </compiler>

    <option timestep="0.001"
            gravity="0 0 -9.81"
            solver="Newton"
            integrator="Euler"
            iterations="100">
        <flag sensornoise="disable"
            frictionloss="disable"/>
    </option>

    <visual>
        <global offwidth="1024" offheight="768"/>
    </visual>

    <default>
        <geom conaffinity="1" condim="3" contype="1" material="geom" rgba="1 .84 0 1" size="0.014"
              density="1000" friction="1.000 0.00 0.000" solref="-1000 -5"/>
        <site type="sphere" size="0.005"/>
        <tendon width="0.01" rgba="1 0 0 1" damping="10" stiffness="100"/>
        <position ctrllimited="true" ctrlrange="-500 500"/>
    </default>

    <asset>
        <texture builtin="gradient" height="100" rgb1="1 1 1" rgb2="0 0 0" type="skybox"
                 width="100"/>
        <texture builtin="flat" height="1278" mark="cross" markrgb="1 1 1" name="texgeom"
                 random="0.01" rgb1="0.8 0.6 0.4" rgb2="0.8 0.6 0.4" type="cube" width="127"/>
        <texture builtin="checker" height="100" name="texplane" rgb1="0 0 0" rgb2="0.8 0.8 0.8"
                 type="2d" width="100"/>
        <material name="MatPlane" reflectance="0.5" shininess="1" specular="1" texrepeat="30 30"
                  texture="texplane"/>
        <material name="geom" texture="texgeom" texuniform="true"/>
    </asset>

    <worldbody>

        <light cutoff="100" diffuse="1 1 1" dir="-0 0 -1.3" directional="true" exponent="1"
               pos="0 0 1.3" specular=".1 .1 .1"/>
<!--        <geom conaffinity="1" condim="3" material="MatPlane" name="floor" pos="0 0 -10"-->
<!--              rgba="0.8 0.9 0.8 1" size="400 400 10" type="plane" friction="1.0 0 0"/>-->

<!--        <camera name="camera" pos="2 0 3"/>-->

        <!-- ======= RODS ======= -->
        <body name="nail0" pos="0 0 10">
            <site name="nail0" pos="0 0 10"/>
        </body>
        <body name="nail1" pos="10 0 10">
            <site name="nail1" pos="10 0 10"/>
        </body>

        <body name="r01">
            <geom name="r01"
                  fromto="0 0 4.0 10.0 0 4.0"
                  size="0.5"
                  type="cylinder"
                  mass="5"/>
            <freejoint name="move0_1"/>

            <site name="s0" pos="0 0 4.0" rgba="0 0 0 1" size=".05"/>
            <site name="s1" pos="10.0 0 4.0" rgba="0 0 0 1" size=".05"/>
        </body>
    </worldbody>
    <sensor>
        <framepos name="pos_s0" objname="s0" objtype="site"/>
        <framelinvel name="linvel_s0" objname="s0" objtype="site"/>
        <framelinacc name="linacc_s0" objname="s0" objtype="site"/>
        <framepos name="pos_s1" objname="s1" objtype="site"/>
        <framelinvel name="linvel_s1" objname="s1" objtype="site"/>
        <framelinacc name="linacc_s1" objname="s1" objtype="site"/>

        <framepos name="pos_nail0" objname="nail0" objtype="site"/>
        <framelinvel name="linvel_nail0" objname="nail0" objtype="site"/>
        <framelinacc name="linacc_nail0" objname="nail0" objtype="site"/>
        <framepos name="pos_nail1" objname="nail1" objtype="site"/>
        <framelinvel name="linvel_nail1" objname="nail1" objtype="site"/>
        <framelinacc name="linacc_nail1" objname="nail1" objtype="site"/>

        <framelinacc name="linacc_r01" objname="r01" objtype="body"/>
        <frameangacc name="angacc_r01" objname="r01" objtype="body"/>
        <framepos name="pos_r01" objname="r01" objtype="body"/>
        <framelinvel name="linvel_r01" objname="r01" objtype="body"/>
        <frameangvel name="angvel_r01" objname="r01" objtype="body"/>
        <framequat name="quat_r01" objname="r01" objtype="body"/>
    </sensor>

    <tendon>
        <spatial name="t0" springlength="2.5" damping="60" stiffness="200">
            <site site="nail0"/>
            <site site="s0"/>
        </spatial>
        <spatial name="t1" springlength="2.5" damping="45" stiffness="150">
            <site site="nail1"/>
            <site site="s1"/>
        </spatial>
    </tendon>
<!--    <actuator>-->
<!--        <general name="t0" tendon="t0"/>-->
<!--        <general name="t1" tendon="t1"/>-->
<!--    </actuator>-->
</mujoco>
