<!--
  ~ Copyright (c) 2020.  -  present.  Kun Wang. All Rights Reserved.
  -->

<mujoco model="TT (v1.31)">
    <compiler angle="degree" coordinate="global" inertiafromgeom="true">
             <lengthrange timestep="0.001"/>
    </compiler>

    <option timestep="0.001"
            gravity="0 0 -9.81"
            solver="Newton"
            integrator="Euler"
            iterations="10000">
        <flag sensornoise="disable"
            frictionloss="disable"/>
    </option>

    <visual>
        <global offwidth="1280" offheight="720"/>
    </visual>

    <default>
        <geom conaffinity="1" condim="3" contype="1" material="geom" rgba="1 .84 0 1" size="0.014"
              density="1000" friction="0.7 0.8 0.7"/>
        <site type="sphere" size="0.005"/>
        <tendon width="0.1" rgba="1 0 0 1" damping="10" stiffness="100"/>
        <position ctrllimited="true" ctrlrange="-100 100"/>
    </default>

    <asset>
        <texture builtin="gradient" height="100" rgb1="1 1 1" rgb2="0 0 0" type="skybox"
                 width="100"/>
        <texture builtin="flat" height="1278" mark="cross" markrgb="1 1 1" name="texgeom"
                 random="0.01" rgb1="0.8 0.6 0.4" rgb2="0.8 0.6 0.4" type="cube" width="127"/>
        <texture builtin="checker" height="100" name="texplane" rgb1="0 0 0" rgb2="0.8 0.8 0.8"
                 type="2d" width="100"/>
        <material name="MatPlane" reflectance="0.5" shininess="1" specular="1" texrepeat="30 30"
                  texture="texplane"/>
        <material name="geom" texture="texgeom" texuniform="true"/>
    </asset>

    <worldbody>

        <light cutoff="100" diffuse="1 1 1" dir="-0 0 -1.3" directional="true" exponent="1"
               pos="0 0 1.3" specular=".1 .1 .1"/>
        <geom conaffinity="1" condim="3" material="MatPlane" name="floor" pos="0 0 0"
              rgba="0.8 0.9 0.8 1" size="4 4 0.10" type="plane" friction="0.7 0.8 0.7"/>

        <camera name="camera" pos="-0.005 -1.286 0.429" xyaxes="1.000 -0.004 -0.000 0.001 0.316 0.949"/>



        <!-- ======= RODS ======= -->
        <body name="r01">
            <geom name="r01"
                  fromto="-0.15615713  0.04465967  0.13983528  0.141844076 -0.00698952  0.24071881"
                  size="0.003"
                  type="cylinder"
                  solref="-5000 -40"
                  rgba="0 0 1 1"
                  mass="0.0038"/>
            <freejoint name="move4_5"/>
            <geom name="s0"
                  pos="-0.15615713  0.04465967  0.13983528"
                  size="0.0175"
                  type="sphere"
                  solref="-5000 -40"
                  rgba="0 0 1 1"
                  mass="0.0105"/>
            <geom name="s1"
                  pos="0.141844076 -0.00698952  0.24071881"
                  size="0.0175"
                  type="sphere"
                  solref="-5000 -40"
                  rgba="0 0 1 1"
                  mass="0.0105"/>
<!--            <geom name="b0"-->
<!--                  fromto="-0.09289449  0.03393253  0.16078802 -0.13506959  0.04108395  0.14681953"-->
<!--                  size="0.0175"-->
<!--                  type="cylinder"-->
<!--                  solref="-5000 -40"-->
<!--                  rgba="0 0 0 1"-->
<!--                  mass="0.0353"/>-->
<!--            <geom name="b1"-->
<!--                  fromto="0.08517812 0.00373762 0.21976608  0.12735321 -0.00341381  0.23373457"-->
<!--                  size="0.0175"-->
<!--                  type="cylinder"-->
<!--                  solref="-5000 -40"-->
<!--                  rgba="0 0 0 1"-->
<!--                  mass="0.0353"/>-->
        </body>

        <body name="r23">
            <geom name="r23"
                  fromto="-0.15615713  0.04465967  0.13983528  0.141844076 -0.00698952  0.24071881"
                  size="0.003"
                  type="cylinder"
                  solref="-5000 -40"
                  rgba="1 0 0 0.3"
                  mass="0.0038"/>
            <freejoint name="move0_1"/>
            <geom name="s2"
                  pos="-0.15615713  0.04465967  0.13983528"
                  size="0.0175"
                  type="sphere"
                  solref="-5000 -40"
                  rgba="1 0 0 0.3"
                  mass="0.0105"/>
            <geom name="s3"
                  pos="0.141844076 -0.00698952  0.24071881"
                  size="0.0175"
                  type="sphere"
                  solref="-5000 -40"
                  rgba="1 0 0 0.3"
                  mass="0.0105"/>
<!--            <geom name="b0"-->
<!--                  fromto="-0.09289449  0.03393253  0.16078802 -0.13506959  0.04108395  0.14681953"-->
<!--                  size="0.0175"-->
<!--                  type="cylinder"-->
<!--                  solref="-5000 -40"-->
<!--                  rgba="0 0 0 1"-->
<!--                  mass="0.0353"/>-->
<!--            <geom name="b1"-->
<!--                  fromto="0.08517812 0.00373762 0.21976608  0.12735321 -0.00341381  0.23373457"-->
<!--                  size="0.0175"-->
<!--                  type="cylinder"-->
<!--                  solref="-5000 -40"-->
<!--                  rgba="0 0 0 1"-->
<!--                  mass="0.0353"/>-->
        </body>
    </worldbody>
    <sensor>
<!--        <framelinacc name="linacc" objname="rod01" objtype="geom"/>-->
<!--        <frameangacc name="angacc" objname="rod01" objtype="geom"/>-->
        <framepos name="pos" objname="r01" objtype="body"/>
        <framelinvel name="linvel" objname="r01" objtype="body"/>
        <frameangvel name="angvel" objname="r01" objtype="body"/>
        <framequat name="quat" objname="r01" objtype="body"/>

<!--        <framepos name="pos_s0" objname="s0" objtype="site"/>-->
<!--        <framepos name="pos_s1" objname="s1" objtype="site"/>-->
    </sensor>

</mujoco>
